name	price	p_code	mall_name	image_url	url
위트니*T(자체제작)(주문폭주로 순차발송됩니다)	17,900원	29990	naning9	/shopimages/naning9/028002004497.jpg	http://www.naning9.com/shop/shopdetail.html?branduid=29990
 에르샤*주름 롱SK	48,000원	30019	naning9	/shopimages/naning9/030001001052.jpg	http://www.naning9.com/shop/shopdetail.html?GfDT=bmp8W1s%3D&branduid=30019&special=9
헤버*OPS(4/6 입고됩니다)	29,800원	30131	naning9	/shopimages/naning9/030002001286.jpg	http://www.naning9.com/shop/shopdetail.html?GfDT=aWl3Vw%3D%3D&branduid=30131&special=9
보르벨*OPS	24,000원	30512	naning9	/shopimages/naning9/030002001304.jpg	http://www.naning9.com/shop/shopdetail.html?GfDT=ZmV4&branduid=30512&special=9
르마레*골지OPS	29,800원	30509	naning9	/shopimages/naning9/030002001303.jpg	http://www.naning9.com/shop/shopdetail.html?GfDT=bmx4W1g%3D&branduid=30509&special=9
사피아*OPS	55,000원	30158	naning9	/shopimages/naning9/030002001287.jpg	http://www.naning9.com/shop/shopdetail.html?GfDT=bmp5W18%3D&branduid=30158&special=9
베스티*OPS	32,000원	30119	naning9	/shopimages/naning9/030002001285.jpg	http://www.naning9.com/shop/shopdetail.html?GfDT=bmh9W14%3D&branduid=30119&special=9
도크*OPS	48,000원	30479	naning9	/shopimages/naning9/030002001299.jpg	http://www.naning9.com/shop/shopdetail.html?GfDT=Zml3UA%3D%3D&branduid=30479&special=9
비에노*OPS★가격조정 되었습니다	39,800원	30527	naning9	/shopimages/naning9/030002001307.jpg	http://www.naning9.com/shop/shopdetail.html?GfDT=bmx6W1w%3D&branduid=30527&special=9
엔뉴*밴딩스키니(자체제작)★색상추가	19,000원	25839	naning9	/shopimages/naning9/031003000599.jpg	http://www.naning9.com/shop/shopdetail.html?GfDT=aGt3WA%3D%3D&branduid=25839&special=8
펠런*배기팬츠	29,800원	30283	naning9	/shopimages/naning9/031001001195.jpg	http://www.naning9.com/shop/shopdetail.html?GfDT=bmh8W1Q%3D&branduid=30283&special=8
키노*컬러 스키니(9가지 컬러!)	18,000원	29847	naning9	/shopimages/naning9/031003000833.jpg	http://www.naning9.com/shop/shopdetail.html?GfDT=bWl3Vg%3D%3D&branduid=29847&special=8
세일럼*세미배기팬츠	38,000원	29314	naning9	/shopimages/naning9/031001001162.jpg	http://www.naning9.com/shop/shopdetail.html?GfDT=am53Vw%3D%3D&branduid=29314&special=8
바델*스키니	19,800원	30014	naning9	/shopimages/naning9/031003000843.jpg	http://www.naning9.com/shop/shopdetail.html?GfDT=a2x3VA%3D%3D&branduid=30014&special=8
럼버*팬츠	42,000원	29991	naning9	/shopimages/naning9/031003000840.jpg	http://www.naning9.com/shop/shopdetail.html?GfDT=bm9%2BW1g%3D&branduid=29991&special=8
 데이진*배기팬츠	41,900원	30281	naning9	/shopimages/naning9/031003000862.jpg	http://www.naning9.com/shop/shopdetail.html?GfDT=amd3Ug%3D%3D&branduid=30281&special=8
세르미*가죽팔찌	16,000원	30549	naning9	/shopimages/naning9/033003000571.jpg	http://www.naning9.com/shop/shopdetail.html?GfDT=bGd3Ul0%3D&branduid=30549&special=3
세르미*가죽팔찌	16,000원	30549	naning9	/shopimages/naning9/033003000571.jpg	http://www.naning9.com/shop/shopdetail.html?GfDT=bm55W19F&branduid=30549&special=3
트라이앵글*iPhone 6 핸드폰케이스	19,000원	30648	naning9	/shopimages/naning9/033012000121.jpg	http://www.naning9.com/shop/shopdetail.html?GfDT=aWx3Ulw%3D&branduid=30648&special=3
트라이앵글*iPhone 6 핸드폰케이스	19,000원	30648	naning9	/shopimages/naning9/033012000121.jpg	http://www.naning9.com/shop/shopdetail.html?GfDT=bmp7W19E&branduid=30648&special=3
셀루안*플랫슈즈(4/8 입고됩니다)	32,000원	30555	naning9	/shopimages/naning9/032001002048.jpg	http://www.naning9.com/shop/shopdetail.html?GfDT=bm97W15N&branduid=30555&special=3
셀루안*플랫슈즈(4/8 입고됩니다)	32,000원	30555	naning9	/shopimages/naning9/032001002048.jpg	http://www.naning9.com/shop/shopdetail.html?GfDT=aW13U1U%3D&branduid=30555&special=3
내츄럴*노트(3가지 사이즈)		30535	naning9	/shopimages/naning9/033012000118.jpg	http://www.naning9.com/shop/shopdetail.html?GfDT=bm9%2FW15M&branduid=30535&special=3
내츄럴*노트(3가지 사이즈)		30535	naning9	/shopimages/naning9/033012000118.jpg	http://www.naning9.com/shop/shopdetail.html?GfDT=bmp7W15M&branduid=30535&special=3
페세트*운동화	76,000원	30604	naning9	/shopimages/naning9/032001002049.jpg	http://www.naning9.com/shop/shopdetail.html?GfDT=bmt0W15D&branduid=30604&special=3
페세트*운동화	76,000원	30604	naning9	/shopimages/naning9/032001002049.jpg	http://www.naning9.com/shop/shopdetail.html?GfDT=aml3U1s%3D&branduid=30604&special=3
MH*iPhone 6 핸드폰케이스	19,000원	30649	naning9	/shopimages/naning9/033012000122.jpg	http://www.naning9.com/shop/shopdetail.html?GfDT=aGd3U1o%3D&branduid=30649&special=3
MH*iPhone 6 핸드폰케이스	19,000원	30649	naning9	/shopimages/naning9/033012000122.jpg	http://www.naning9.com/shop/shopdetail.html?GfDT=bml%2BW15C&branduid=30649&special=3
식스퀘어*bag	49,800원	30537	naning9	/shopimages/naning9/032002000551.jpg	http://www.naning9.com/shop/shopdetail.html?GfDT=bmt4W15B&branduid=30537&special=3
식스퀘어*bag	49,800원	30537	naning9	/shopimages/naning9/032002000551.jpg	http://www.naning9.com/shop/shopdetail.html?GfDT=bml3U1k%3D&branduid=30537&special=3
슈미렌*목걸이★가격조정 되었습니다	32,000원	30638	naning9	/shopimages/naning9/033006000469.jpg	http://www.naning9.com/shop/shopdetail.html?GfDT=Z293U1g%3D&branduid=30638&special=3
슈미렌*목걸이★가격조정 되었습니다	32,000원	30638	naning9	/shopimages/naning9/033006000469.jpg	http://www.naning9.com/shop/shopdetail.html?GfDT=amh3U1g%3D&branduid=30638&special=3
피코*슬립온	39,800원	30608	naning9	/shopimages/naning9/032001002050.jpg	http://www.naning9.com/shop/shopdetail.html?GfDT=aGV%2FUg%3D%3D&branduid=30608&special=3
피코*슬립온	39,800원	30608	naning9	/shopimages/naning9/032001002050.jpg	http://www.naning9.com/shop/shopdetail.html?GfDT=Z2d3U18%3D&branduid=30608&special=3
멜빈*CAP(블랙도 있어요!)	18,000원	30589	naning9	/shopimages/naning9/033002000929.jpg	http://www.naning9.com/shop/shopdetail.html?GfDT=aGt3U14%3D&branduid=30589&special=3
멜빈*CAP(블랙도 있어요!)	18,000원	30589	naning9	/shopimages/naning9/033002000929.jpg	http://www.naning9.com/shop/shopdetail.html?GfDT=bmt1W15G&branduid=30589&special=3
체크*iPhone 6 핸드폰케이스	19,000원	30646	naning9	/shopimages/naning9/033012000119.jpg	http://www.naning9.com/shop/shopdetail.html?GfDT=bmt8W15F&branduid=30646&special=3
체크*iPhone 6 핸드폰케이스	19,000원	30646	naning9	/shopimages/naning9/033012000119.jpg	http://www.naning9.com/shop/shopdetail.html?GfDT=bm99W15F&branduid=30646&special=3
카르레*머플러★3가지색상	15,000원	30603	naning9	/shopimages/naning9/033007000248.jpg	http://www.naning9.com/shop/shopdetail.html?GfDT=bm10W15E&branduid=30603&special=3
카르레*머플러★3가지색상	15,000원	30603	naning9	/shopimages/naning9/033007000248.jpg	http://www.naning9.com/shop/shopdetail.html?GfDT=bmx1W15E&branduid=30603&special=3
레미벨*운동화	50,000원	30610	naning9	/shopimages/naning9/032001002051.jpg	http://www.naning9.com/shop/shopdetail.html?GfDT=amt3UFU%3D&branduid=30610&special=3
레미벨*운동화	50,000원	30610	naning9	/shopimages/naning9/032001002051.jpg	http://www.naning9.com/shop/shopdetail.html?GfDT=Z2d3UFU%3D&branduid=30610&special=3
위플*가죽팔찌	28,000원	30642	naning9	/shopimages/naning9/033003000573.jpg	http://www.naning9.com/shop/shopdetail.html?GfDT=bGZ3UFQ%3D&branduid=30642&special=3
위플*가죽팔찌	28,000원	30642	naning9	/shopimages/naning9/033003000573.jpg	http://www.naning9.com/shop/shopdetail.html?GfDT=bm93UFQ%3D&branduid=30642&special=3
지그재그*iPhone 6 핸드폰케이스	19,000원	30647	naning9	/shopimages/naning9/033012000120.jpg	http://www.naning9.com/shop/shopdetail.html?GfDT=Zmt3UFs%3D&branduid=30647&special=3
지그재그*iPhone 6 핸드폰케이스	19,000원	30647	naning9	/shopimages/naning9/033012000120.jpg	http://www.naning9.com/shop/shopdetail.html?GfDT=am93UFs%3D&branduid=30647&special=3
